"wbic","name","county","class","wb_type","lat","long","size","max_depth","mean_depth"
181400,"Arbutus Lake","Forest","CCC","LAKE OR POND",45.4013509,-88.8613424,66,8.5,3.7
184200,"Crystal Lake","Langlade","CCC","LAKE OR POND",45.3791191,-88.9253758,30.5,11,7
198100,"Sawyer Lake","Langlade","CCC","LAKE OR POND",45.2475409,-88.7590586,72.8,9.1,3
376900,"Lily Lake","Forest","CCC","LAKE OR POND",45.4282722,-88.8371469,87.6,7.3,4.3
377900,"Jungle Lake","Forest","CCD","LAKE OR POND",45.4548851,-88.8333237,72.6,4.3,2.1
378400,"Roberts Lake","Forest","CCC","LAKE OR POND",45.4565638,-88.7889984,176.1,9.8,5.2
387200,"Otter Lake","Langlade","CCD","LAKE OR POND",45.4436445,-89.1863408,34,8.5,4.3
388500,"Crane Lake","Forest","CCD","LAKE OR POND",45.4115365,-88.8922751,143.8,7.6,3.7
389300,"Rolling Stone Lake","Langlade","CCD","LAKE OR POND",45.4350715,-88.9465414,276.1,3.7,NA
394400,"Metonga Lake","Forest","CCC","LAKE OR POND",45.5409215,-88.9041455,825,24.1,7.6
396500,"Lake Lucerne","Forest","C2S","LAKE OR POND",45.5268762,-88.8464614,420.3,22.3,9.4
406900,"Pine Lake","Forest","CCD","LAKE OR POND",45.6767296,-88.9808516,676.9,4.3,NA
417400,"Archibald Lake","Oconto","CCC","LAKE OR POND",45.2829925,-88.586644,158.7,15.2,5.8
417900,"Bass Lake","Oconto","CWC","LAKE OR POND",45.2763428,-88.620918,58.7,12.2,5.8
418700,"Boot Lake","Oconto","CCC","LAKE OR POND",45.2668777,-88.6338663,93.1,11.6,5.8
428100,"Surprise Lake","Oconto","CCC","LAKE OR POND",45.3521595,-88.6076252,26.5,9.1,NA
439500,"Waubee Lake","Oconto","CWC","LAKE OR POND",45.3452966,-88.4422137,47.1,6.1,3
439800,"Wheeler Lake","Oconto","CCC","LAKE OR POND",45.3188262,-88.4761487,113.9,10.7,4.6
470600,"Lake John","Oconto","SIM","LAKE OR POND",45.3369054,-88.4925302,39.9,7.9,NA
478200,"Range Line Lake","Forest","CCD","LAKE OR POND",45.426628,-88.6777632,37.7,3.4,NA
479300,"Trump Lake","Forest","CCC","LAKE OR POND",45.4761003,-88.6564624,65.4,6.1,NA
487500,"Maiden Lake","Oconto","CCC","LAKE OR POND",45.269296,-88.5360538,112.6,15.8,NA
491800,"Boulder Lake","Langlade","CCC","LAKE OR POND",45.1489971,-88.635444,149.8,3.4,2.1
494200,"Rose Lake","Langlade","CCC","LAKE OR POND",45.2323358,-88.7193223,46.5,7.6,2.4
501200,"Hilbert Lake","Forest","CCD","LAKE OR POND",45.708842,-88.4158225,112.6,9.8,2.7
540600,"High Falls Reservoir","Marinette","CWD","RESERVOIR OR FLOWAGE",45.3042762,-88.1965261,595.4,16.5,3.7
591600,"Sand Lake","Florence","C2S","LAKE OR POND",45.7565097,-88.2587304,19.6,19.2,4.3
608400,"Van Zile Lake","Florence","CCC","LAKE OR POND",45.7216266,-88.6756891,31.7,5.2,2.7
651600,"Emily Lake","Florence","CCD","LAKE OR POND",45.8744906,-88.2833958,74.2,13.1,2.7
653700,"Patten Lake","Florence",NA,"LAKE OR POND",45.8541748,-88.4198594,102.8,15.8,5.5
672300,"Sea Lion Lake","Florence","C2S","LAKE OR POND",45.8774337,-88.322862,46.3,25,4.9
672900,"Keyes Lake","Florence","C2S","LAKE OR POND",45.8990261,-88.3061198,78.8,23.5,NA
677100,"Fay Lake","Florence","CCD","LAKE OR POND",45.8672804,-88.6375717,110.3,3,2.4
679300,"Halsey Lake","Florence","CCD","LAKE OR POND",45.8480347,-88.6328123,204.6,3,NA
683000,"Stevens Lake","Forest","CCD","LAKE OR POND",45.9260065,-88.7027357,117.2,3,2.4
691800,"Howell Lake","Forest","CCD","LAKE OR POND",45.9469436,-88.9338069,69,4.9,3.7
692400,"Butternut Lake","Forest","C2S","LAKE OR POND",45.9116966,-88.9888058,504.4,12.8,NA
692900,"Franklin Lake","Forest","C2S","LAKE OR POND",45.9355321,-89.001399,339.7,14,5.8
716800,"Kentuck Lake","Forest","C2S","LAKE OR POND",45.9852074,-88.9998038,405.1,12.2,4
968800,"Anvil Lake","Vilas","CCC","LAKE OR POND",45.9433929,-89.0638938,152.6,9.8,5.8
969600,"Bass Lake","Lincoln","SIM","LAKE OR POND",45.4286207,-89.4896406,42.8,13.1,NA
971600,"Big Carr Lake","Oneida","C2S","LAKE OR POND",45.7909124,-89.6294543,84.5,21.6,NA
973000,"Bogler Lake","Oneida","CCC","LAKE OR POND",45.841824,-89.719368,46.6,11.9,NA
974200,"Buffalo Lake","Oneida","CCC","LAKE OR POND",45.8787861,-89.56939,42.4,8.2,NA
977500,"Clear Lake","Oneida","C2S","LAKE OR POND",45.8703079,-89.6247925,353.5,29,9.4
979100,"Crystal Lake","Lincoln","CCC","LAKE OR POND",45.5419442,-89.7066374,42.5,6.7,4.9
983500,"Emma Lake","Oneida","CCC","LAKE OR POND",45.5901133,-89.4994813,91.7,5.2,NA
983600,"Erickson Lake","Vilas","CWD","LAKE OR POND",45.9473851,-89.6225404,44.4,5.5,NA
989200,"Hemlock Lake","Oneida","CCC","LAKE OR POND",45.8765802,-89.6510719,15.4,7.6,4.3
995000,"Lake Julia","Oneida","CCD","LAKE OR POND",45.6140121,-89.4303773,97.4,5.8,NA
995200,"Lake Laura","Vilas","CCC","LAKE OR POND",46.0570395,-89.4381319,254,13.1,NA
1001000,"Long Lake","Lincoln","CCC","LAKE OR POND",45.429829,-89.4772864,48.2,18.9,NA
1001300,"Long Lake","Oneida","CCC","LAKE OR POND",45.7174688,-89.6046625,45.7,17.7,NA
1004600,"Mildred Lake","Oneida","CCC","LAKE OR POND",45.6752621,-89.5340109,67.8,13.7,NA
1005600,"Moccasin Lake","Langlade","CCD","LAKE OR POND",45.4458496,-89.2699819,45.8,11.6,3
1012100,"Pine Lake","Lincoln","CCD","LAKE OR POND",45.5006732,-89.437951,53.5,5.2,2.7
1013800,"Razorback Lake","Vilas","CCC","LAKE OR POND",46.0193196,-89.5199316,154.4,10.7,4.6
1018500,"Snipe Lake","Vilas","CCC","LAKE OR POND",45.9396032,-89.3653929,87.2,4.6,3
1019500,"Squash Lake","Oneida","CCC","LAKE OR POND",45.5907215,-89.5483621,160.9,22.6,6.7
1022900,"Towanda Lake","Vilas","CCD","LAKE OR POND",45.9385442,-89.7077093,56.3,8.2,3
1406300,"Pike Lake","Marathon","CWD","LAKE OR POND",44.8152729,-89.3501468,82.4,10.4,4
1427400,"Big Eau Pleine Reservoir","Marathon","CWD","RESERVOIR OR FLOWAGE",44.7409016,-89.8213945,2568.8,14,4.9
1445600,"Summit Lake","Langlade","CCC","LAKE OR POND",45.374451,-89.2071681,113,7.9,NA
1469100,"Rib Lake","Taylor","CWD","LAKE OR POND",45.3144566,-90.1979084,121.8,2.7,1.8
1481600,"Pesabic Lake","Lincoln","CWC","LAKE OR POND",45.212784,-89.6803,59.6,3.4,1.8
1482400,"Tug Lake","Lincoln","CCC","LAKE OR POND",45.3031551,-89.7006848,61.3,6.4,NA
1490300,"Seven Island Lake","Lincoln","CCC","LAKE OR POND",45.4247396,-89.4671781,54.6,9.4,4.3
1494600,"Alexander Lake","Lincoln","CR","RESERVOIR OR FLOWAGE",45.186975,-89.7571278,250.2,11,NA
1502400,"Grandfather Flowage","Lincoln","CR","RESERVOIR OR FLOWAGE",45.3185554,-89.7836693,74.3,9.8,NA
1503000,"Grandmother Flowage","Lincoln","CR","RESERVOIR OR FLOWAGE",45.3801259,-89.7225289,84,6.7,NA
1506800,"Spirit River Flowage","Lincoln","CCD","RESERVOIR OR FLOWAGE",45.444911,-89.782724,493.7,6.7,3.7
1515200,"North Spirit Lake","Taylor","CCD","LAKE OR POND",45.3841506,-90.1524859,90.8,6.7,3.7
1515400,"Lake Mohawksin","Lincoln","CR","RESERVOIR OR FLOWAGE",45.4682181,-89.750739,613.1,7.6,2.7
1516000,"Jersey City Flowage","Lincoln","CR","RESERVOIR OR FLOWAGE",45.5038103,-89.7389206,171.1,6.1,1.2
1516400,"Rice River Flowage*(Nokomis)","Oneida","CCD","RESERVOIR OR FLOWAGE",45.5534861,-89.7777294,309,7.9,2.4
1516500,"Lake Nokomis","Oneida","CCD","LAKE OR POND",45.5589692,-89.7272416,920.4,10.1,3.4
1516800,"Bridge Lake","Oneida","CCD","RESERVOIR OR FLOWAGE",45.5459039,-89.6833182,169.5,4.6,2.4
1517200,"Manson Lake","Oneida","CCC","LAKE OR POND",45.5624994,-89.6329242,95.5,16.5,NA
1517900,"Hancock Lake","Oneida","CCD","LAKE OR POND",45.618611,-89.6307009,104.7,6.7,NA
1519600,"Deer Lake","Lincoln","C2S","RESERVOIR OR FLOWAGE",45.5467357,-89.6950691,60.6,16.2,7.3
1523000,"East Horsehead Lake","Oneida","CCD","LAKE OR POND",45.7001757,-89.6111224,77.5,7.9,NA
1523600,"Bearskin Lake","Oneida","CCD","LAKE OR POND",45.7320882,-89.68252,163,7.9,3.7
1527800,"Bear Lake","Oneida","CCD","LAKE OR POND",45.7655947,-89.801541,119.5,6.1,2.4
1528300,"Willow Flowage","Oneida","CCD","RESERVOIR OR FLOWAGE",45.7195437,-89.8812786,1706.6,9.1,3
1528700,"Swamsauger Lake","Oneida","CCD","LAKE OR POND",45.7853137,-89.9578007,54.9,3.7,NA
1536300,"Squirrel Lake*","Vilas","CCD","LAKE OR POND",45.8686304,-89.8950148,529.9,14,4.9
1537800,"Booth Lake","Oneida","CCC","LAKE OR POND",45.8893316,-89.914764,82.6,10.4,NA
1539600,"Shishebogama Lake","Vilas","CCD","LAKE OR POND",45.8976038,-89.8202955,283.3,12.8,NA
1540400,"Little Spider Lake","Vilas","CCC","LAKE OR POND",45.9711465,-89.7084172,90.1,7,4
1541500,"Arrowhead Lake","Vilas","C2S","LAKE OR POND",45.9063386,-89.6902355,39,13.1,NA
1542300,"Kawaguesaga Lake","Oneida","C2S","LAKE OR POND",45.867517,-89.7382828,283.2,13.4,5.5
1542400,"Minocqua Lake","Oneida","C2S","LAKE OR POND",45.8719409,-89.6969747,542,18.3,7
1542600,"Mid Lake","Oneida","CCD","LAKE OR POND",45.857907,-89.6636881,89.5,3.7,1.8
1542700,"Tomahawk Lake","Oneida","C2S","LAKE OR POND",45.8307045,-89.6475227,1400.9,25.6,10.1
1543300,"Katherine Lake","Oneida","CCC","LAKE OR POND",45.8047401,-89.7119344,212.1,9.1,4.9
1544700,"Madeline Lake","Vilas","CCD","LAKE OR POND",45.8946587,-89.6431853,69.4,5.2,2.7
1544800,"Carrol Lake","Vilas","CCD","LAKE OR POND",45.893468,-89.6263867,133.7,8.2,4.9
1545300,"Little Arbor Vitae Lake","Vilas","CCD","LAKE OR POND",45.9122467,-89.6226075,194.2,9.8,3.4
1545600,"Big Arbor Vitae Lake","Vilas","CCD","LAKE OR POND",45.9302665,-89.6497434,433.1,12.5,5.5
1547700,"Somo Lake","Lincoln","CCD","LAKE OR POND",45.5192853,-89.8712143,163.5,7.6,4
1555500,"Muskellunge Lake","Lincoln","CCD","LAKE OR POND",45.5247239,-89.6881278,64.6,7,NA
1555900,"Lake Alice","Lincoln","CR","RESERVOIR OR FLOWAGE",45.4830436,-89.6384765,582.1,9.8,NA
1564200,"Crescent Lake","Oneida","CCC","LAKE OR POND",45.5986805,-89.5178569,249.3,9.8,5.2
1564400,"Squaw Lake","Lincoln","CCD","LAKE OR POND",45.5337937,-89.4828401,33,12.8,NA
1569600,"George Lake","Oneida","CCD","LAKE OR POND",45.6089758,-89.3327798,179.1,7.9,NA
1569900,"Lake Thompson","Oneida","CCD","LAKE OR POND",45.6338778,-89.3304024,162.4,10.7,NA
1571100,"Fifth Lake","Oneida","CCD","LAKE OR POND",45.6393363,-89.2555004,96.3,2.7,NA
1572000,"Fourth Lake","Oneida","CCD","LAKE OR POND",45.6367707,-89.2743394,102.4,2.7,NA
1572200,"Third Lake","Oneida","CCD","LAKE OR POND",45.6551971,-89.3033313,39.1,4.3,NA
1572300,"Second Lake","Oneida","CCD","LAKE OR POND",45.6637762,-89.2995226,41.6,3.4,NA
1573800,"Moen Lake","Oneida","CCD","LAKE OR POND",45.6635769,-89.3133366,186.5,3.4,NA
1575700,"Stella Lake","Oneida","CCD","LAKE OR POND",45.7138143,-89.1942025,168,6.7,2.7
1579700,"Enterprise Lake","Langlade","CCD","LAKE OR POND",45.4547644,-89.2388478,205.9,8.5,3
1579900,"Pelican Lake","Oneida","CCD","LAKE OR POND",45.5059153,-89.1992996,1434.5,11.9,NA
1586600,"Spider Lake","Oneida","CCC","LAKE OR POND",45.7607348,-89.4425484,49.8,8.8,4
1588200,"Two Sisters Lake","Oneida","C2S","LAKE OR POND",45.7711218,-89.526671,291,19.2,9.1
1589100,"Hasbrook Lake","Oneida","CCC","LAKE OR POND",45.8374905,-89.5824744,124.4,15.2,NA
1589300,"Gilmore Lake","Oneida","CCD","LAKE OR POND",45.8557475,-89.5593115,126.9,7.3,NA
1589600,"Sweeny Lake","Oneida","CCD","LAKE OR POND",45.8614302,-89.589903,77.3,5.5,NA
1590400,"Pickerel Lake","Oneida","CCD","LAKE OR POND",45.885698,-89.5302477,235,5.2,2.7
1591100,"Big Saint Germain Lake","Vilas","C2S","LAKE OR POND",45.9342965,-89.5197864,656.3,12.8,6.4
1592400,"Plum Lake","Vilas","C2S","LAKE OR POND",46.0032757,-89.5192993,427.9,17.4,6.1
1593100,"Star Lake","Vilas","C2S","LAKE OR POND",46.0231435,-89.4841431,493.4,20.7,7
1593400,"Lost Lake","Vilas","CCD","LAKE OR POND",45.9655406,-89.4831158,217.9,6.1,NA
1593800,"Found Lake","Vilas","CCD","LAKE OR POND",45.9505119,-89.4531966,136.1,6.4,3.4
1595300,"Rainbow Flowage","Oneida","CCD","RESERVOIR OR FLOWAGE",45.8582872,-89.5142637,1276,8.5,NA
1595600,"Muskellunge Lake","Oneida","CCD","LAKE OR POND",45.7998591,-89.4795419,116,7.3,4
1595800,"North Nokomis Lake","Oneida","C2S","LAKE OR POND",45.8519754,-89.4514628,190,22.3,9.1
1596300,"Little Saint Germain Lake","Vilas","C2S","LAKE OR POND",45.9032785,-89.4551115,393.2,16.2,3.4
1596900,"Dam Lake","Oneida","C2S","LAKE OR POND",45.8655584,-89.400668,296.3,9.8,5.5
1597000,"Sand Lake","Oneida","CCD","LAKE OR POND",45.849032,-89.3908752,221.5,7.6,4
1597600,"Stone Lake","Oneida","CCD","LAKE OR POND",45.8157179,-89.402008,72.2,4.9,2.7
1598000,"Chain Lake","Oneida","CCD","LAKE OR POND",45.8429139,-89.3673282,81.3,5.8,3.7
1598900,"Indian Lake","Oneida","CCD","LAKE OR POND",45.8140228,-89.3016179,143.4,7.9,NA
1599600,"Yellow Birch Lake","Vilas","CR","LAKE OR POND",45.9345235,-89.2378596,77.6,7,3.4
1599900,"Duck Lake","Vilas","CR","LAKE OR POND",45.945468,-89.2366638,42.9,6.1,3
1600000,"Lynx Lake","Vilas","CR","RESERVOIR OR FLOWAGE",45.9486091,-89.2284786,12.7,6.1,NA
1600100,"Otter Lake","Vilas","CR","LAKE OR POND",45.9429332,-89.2214493,70.3,9.1,3.7
1600200,"Eagle Lake","Vilas","CCD","LAKE OR POND",45.9322207,-89.2081904,232.6,10.4,4.9
1600300,"Scattering Rice Lake","Vilas","CCD","LAKE OR POND",45.9399387,-89.1872204,106.5,5.2,2.4
1601300,"Deerskin Lake","Vilas","CCD","LAKE OR POND",45.9756059,-89.1691079,121.9,5.5,1.8
1602300,"Long Lake","Vilas","C2S","LAKE OR POND",46.0644906,-89.0224797,358.5,29,9.1
1602600,"Big Sand Lake","Vilas","CCD","LAKE OR POND",46.0630366,-88.9819273,577.7,19.8,4.9
1603400,"Voyageur Lake","Vilas","CWD","LAKE OR POND",45.92433,-89.1840744,57.9,NA,NA
1603700,"Catfish Lake","Vilas","CCD","LAKE OR POND",45.8964455,-89.1928634,395.6,9.1,3.7
1603800,"Cranberry Lake","Vilas","CCD","LAKE OR POND",45.9015254,-89.1636602,374.1,7,2.7
1605200,"Lower Ninemile Lake","Vilas","CCD","LAKE OR POND",45.8985894,-89.0953439,343.5,1.5,NA
1605600,"Lone Stone Lake","Oneida","CCC","LAKE OR POND",45.8653566,-89.0825561,69.1,8.8,NA
1605800,"Sevenmile Lake","Forest","C2S","LAKE OR POND",45.8798989,-89.0516776,209.7,13.1,5.8
1609000,"Long Lake","Oneida","CCD","LAKE OR POND",45.8686547,-89.1432994,244.5,9.4,4
1609100,"Planting Ground Lake","Oneida","CCD","LAKE OR POND",45.8354116,-89.157076,408.9,11.3,4.9
1610400,"Round Lake","Oneida","CCD","RESERVOIR OR FLOWAGE",45.8367862,-89.1415689,61.2,4.6,2.4
1610500,"Island Lake","Oneida","CCD","LAKE OR POND",45.8289675,-89.1332401,123.2,8.8,3.4
1610600,"Little Fork Lake","Oneida","C2S","LAKE OR POND",45.8289131,-89.1164367,136.1,10.4,4.9
1610700,"Big Fork Lake","Oneida","C2S","LAKE OR POND",45.8295276,-89.0975523,268.2,11.3,5.2
1610800,"Fourmile Lake","Oneida","C2S","LAKE OR POND",45.8469452,-89.0813263,84.8,8.8,3.7
1611700,"Medicine Lake","Oneida","C2S","LAKE OR POND",45.8138017,-89.1260652,160.2,13.7,6.7
1611800,"Laurel Lake","Oneida","C2S","LAKE OR POND",45.8087695,-89.1164447,100.6,8.2,2.4
1612200,"Big Stone Lake","Oneida","C2S","LAKE OR POND",45.8029734,-89.1017412,245.6,17.4,6.4
1612300,"Deer Lake","Oneida","C2S","LAKE OR POND",45.7882252,-89.1058388,76.2,6.1,3
1612900,"Dog Lake","Oneida","C2S","LAKE OR POND",45.7778161,-89.1097443,81.6,6.7,2.4
1613000,"Big Lake","Oneida","C2S","LAKE OR POND",45.7595261,-89.1199768,341.9,8.2,4
1613500,"Whitefish Lake","Oneida","CCD","LAKE OR POND",45.7784469,-89.0691698,80.5,10.1,4.9
1614300,"Julia Lake","Oneida","C2S","LAKE OR POND",45.7955822,-89.0431824,163.6,13.7,5.5
1618100,"Thunder Lake","Oneida","CCD","LAKE OR POND",45.7877931,-89.2168455,726.1,2.7,NA
1619700,"Pickerel Lake","Vilas","CCD","LAKE OR POND",45.9744514,-89.3949491,109.4,7.9,3.7
1621000,"Lower Buckatabon Lake","Vilas","C2S","LAKE OR POND",46.0258796,-89.3213875,153,4.9,NA
1621800,"Upper Buckatabon Lake","Vilas","C2S","LAKE OR POND",46.0163172,-89.3476356,199.5,14.3,6.1
1623400,"Pioneer Lake","Vilas","CCD","LAKE OR POND",46.0168835,-89.2060586,173.8,8.2,3.7
1623800,"North Twin Lake","Vilas","C2S","LAKE OR POND",46.0533287,-89.1313719,1161.8,18.3,8.5
1629500,"Big Portage Lake","Vilas","CCC","LAKE OR POND",46.1256012,-89.2849227,237.3,12.2,5.5
1630100,"Black Oak Lake","Vilas","C2S","LAKE OR POND",46.163005,-89.3161216,228.2,25.9,10.4
1631900,"Lac Vieux Desert","Vilas","CCD","LAKE OR POND",46.1359565,-89.114974,1625.7,11.6,NA
1835300,"Big Muskellunge Lake","Vilas","C2S","LAKE OR POND",46.0173745,-89.6148908,363.2,21.3,7.9
1844000,"Deep Lake","Washburn","SIM","LAKE OR POND",45.7674417,-91.7701825,17.4,8.8,4
1855900,"Jag Lake","Vilas","CCC","LAKE OR POND",46.0845577,-89.72232,65.4,4.3,NA
1875900,"Pulaski Lake","Rusk","CWC","LAKE OR POND",45.3367135,-91.2804473,50.8,12.2,5.2
1880700,"Sherman Lake","Iron","CCC","LAKE OR POND",46.0761084,-89.9284772,51.1,5.8,NA
1881100,"Silver Lake","Barron","C2S","LAKE OR POND",45.5837875,-91.9212081,133.8,27.7,11.6
1881900,"Sparkling Lake","Vilas","C2S","LAKE OR POND",46.0086459,-89.6997036,63.6,19.5,NA
1884100,"Stone Lake","Washburn","CCC","LAKE OR POND",45.84341,-91.5562623,198.3,14.9,10.1
2046500,"Windfall Lake","Sawyer","CWC","LAKE OR POND",45.6641283,-91.2109817,42.1,4.9,3.7
2046600,"Windigo Lake","Sawyer","CCC","LAKE OR POND",45.9306962,-91.4716341,203.6,15.5,4.3
2079000,"Big Moon Lake","Barron","CCD","LAKE OR POND",45.3430945,-92.1192151,75.7,14.6,7.3
2079700,"Lower Turtle Lake","Barron","CWD","LAKE OR POND",45.3886873,-92.0762919,115.7,7.3,4.3
2079800,"Upper Turtle Lake","Barron","CWD","LAKE OR POND",45.4226204,-92.0985377,172.8,7.6,4.3
2081200,"Beaver Dam Lake","Barron","C2S","LAKE OR POND",45.551175,-92.032233,470.8,32.3,0.9
2094100,"Prairie Lake","Barron","CWD","RESERVOIR OR FLOWAGE",45.3585412,-91.6828894,570,4.9,2.7
2094300,"Pokegama Lake","Barron","CWD","RESERVOIR OR FLOWAGE",45.326547,-91.6333109,175.4,5.8,3.4
2094600,"Mud Lake","Barron","CWD","RESERVOIR OR FLOWAGE",45.3640028,-91.6533067,134.3,4.6,1.2
2098000,"Poskin Lake","Barron","CWD","LAKE OR POND",45.4247296,-91.9762523,62.1,9.1,4.9
2100300,"Duck Lake","Barron","CCD","LAKE OR POND",45.558484,-91.992525,44.1,7.9,4.3
2100800,"Granite Lake","Barron","CCD","LAKE OR POND",45.5799477,-92.0068531,62.7,10.4,5.5
2103200,"Lake Montanis","Barron","CWD","LAKE OR POND",45.4770465,-91.7054243,85.7,4.3,2.4
2105100,"Bear Lake","Washburn","C2S","LAKE OR POND",45.6303391,-91.8220942,545.4,26.5,6.1
2106800,"Long Lake","Washburn","C2S","LAKE OR POND",45.7071349,-91.6705705,1407.5,22.6,7.9
2109600,"Red Cedar Lake","Washburn","C2S","LAKE OR POND",45.6089793,-91.5862257,767.6,16.2,NA
2109800,"Hemlock Lake","Barron","CCD","LAKE OR POND",45.5680414,-91.5647854,147.5,6.4,2.4
2112800,"Balsam Lake","Washburn","C2S","LAKE OR POND",45.6450727,-91.5775881,131.7,14.9,7.6
2113300,"Lake Chetac","Sawyer","CCD","LAKE OR POND",45.7106857,-91.4975799,971.1,8.5,4.3
2125400,"Halfmoon Lake","Eau Claire","SIM","LAKE OR POND",44.8038515,-91.5218857,54.7,2.7,1.8
2128100,"Altoona Lake","Eau Claire","CR","RESERVOIR OR FLOWAGE",44.8149299,-91.4230985,291.3,7.6,3
2133200,"Eau Claire Lake","Eau Claire","CR","RESERVOIR OR FLOWAGE",44.7612846,-91.1053363,550.3,7.6,NA
2143900,"Mead Lake","Clark","CWD","RESERVOIR OR FLOWAGE",44.7900319,-90.7571863,125.6,4.9,1.5
2152800,"Lake Wissota","Chippewa","CR","RESERVOIR OR FLOWAGE",44.961037,-91.32041,2488.2,19.6,NA
2166100,"Kathryn Lake","Taylor","CCD","LAKE OR POND",45.2021577,-90.6199758,25.6,17.7,4.6
2169200,"Round Lake","Chippewa","CWC","LAKE OR POND",45.2541643,-91.4508911,87.3,5.5,3
2242500,"Solberg Lake","Price","CCD","LAKE OR POND",45.7538801,-90.3719795,341.4,4.9,2.1
2265100,"Bearskull Lake","Iron","CCC","LAKE OR POND",46.005059,-90.06778,32.7,7.9,3.7
2266100,"Whitcomb Lake","Price","CCD","LAKE OR POND",45.97378,-90.139291,22.2,10.1,NA
2267800,"Round Lake","Price","CCD","LAKE OR POND",45.927623,-90.0682194,302.7,7.3,4.9
2268300,"Pike Lake","Price","CCD","LAKE OR POND",45.8998438,-90.0667104,299.7,5.2,3.4
2268500,"Turner Lake","Vilas","CCD","LAKE OR POND",45.9086149,-90.0481898,64.2,3.7,2.4
2268600,"Amik Lake","Vilas","CCD","LAKE OR POND",45.9323606,-90.0333383,57,2.4,1.5
2271600,"Squaw Lake","Oneida","CCD","LAKE OR POND",45.8844652,-89.9945844,297.7,6.4,NA
2272600,"Buckskin Lake","Vilas","CCD","LAKE OR POND",45.8941113,-89.9370688,259.6,6.7,NA
2275100,"Connors Lake","Sawyer","CCC","LAKE OR POND",45.7518947,-90.7362536,165.9,25,11.6
2275300,"Lake of the Pines","Sawyer","CCD","LAKE OR POND",45.7713762,-90.715417,110.4,11.9,5.2
2277200,"Mason Lake","Sawyer","CCC","LAKE OR POND",45.816105,-90.7008322,79.8,11.9,5.2
2277600,"Evergreen Lake","Sawyer","CCD","LAKE OR POND",45.8121072,-90.6890601,82.6,7.6,3.7
2283300,"Butternut Lake","Ashland","CCD","LAKE OR POND",45.9678407,-90.5186458,397.9,9.8,4.3
2287200,"Crowley Flowage 802","Price","CR","RESERVOIR OR FLOWAGE",45.8690829,-90.5440383,143.1,7,2.4
2288900,"Pixley Flowage","Price","CR","RESERVOIR OR FLOWAGE",45.891806,-90.5025699,73.5,7,1.5
2290100,"Lower Park Falls Flowage 762","Price","CR","RESERVOIR OR FLOWAGE",45.9165144,-90.4449644,25.1,4.9,2.4
2290500,"Upper Park Falls Flowage 760","Price","CR","RESERVOIR OR FLOWAGE",45.9702764,-90.4127526,125.3,5.2,2.4
2294900,"Turtle Flambeau Flowage","Iron","C2S","RESERVOIR OR FLOWAGE",46.0750561,-90.1799411,5237.6,15.2,NA
2295200,"Trude Lake","Iron","CCD","LAKE OR POND",46.1143174,-90.1547634,317.9,14.6,4.3
2296500,"McDermott Lake","Iron","CCC","LAKE OR POND",46.0029928,-90.1608161,33.1,5.8,3
2303500,"Long Lake","Iron","CCD","LAKE OR POND",46.2598503,-90.0260201,149.8,9.1,4
2306300,"Spider Lake","Iron","CCC","LAKE OR POND",46.2089445,-90.0281087,145.2,14.9,5.2
2307600,"Owl Lake","Burnett","SIM","LAKE OR POND",46.2819535,-89.9734361,50.7,8.2,2.1
2309700,"Cedar Lake","Iron","CCD","LAKE OR POND",46.2080889,-89.953647,75.5,6.1,3.4
2310200,"South Turtle Lake","Vilas","C2S","LAKE OR POND",46.2112784,-89.8946996,188.7,7,NA
2310400,"North Turtle Lake","Vilas","C2S","LAKE OR POND",46.2377978,-89.8843169,145.3,17.7,NA
2311100,"Birch Lake","Vilas","CCC","LAKE OR POND",46.2176675,-89.8383824,204.9,13.7,NA
2311700,"Rock Lake","Vilas","CCD","RESERVOIR OR FLOWAGE",46.2591327,-89.8718047,48.7,5.5,NA
2316100,"Sandy Beach Lake","Iron","CCD","LAKE OR POND",46.1061435,-89.9713102,44.4,4,2.1
2316600,"Dead Pike Lake","Vilas","C2S","LAKE OR POND",46.1028941,-89.8989077,124.9,24.4,7.9
2318500,"Randall Lake","Iron","CCD","LAKE OR POND",46.0280909,-90.0237815,46.7,3.7,2.4
2327500,"Rest Lake","Vilas","C2S","LAKE OR POND",46.1406307,-89.8751221,265,16.2,5.5
2328700,"Papoose Lake","Vilas","C2S","LAKE OR POND",46.1847552,-89.8026602,170.9,19.8,NA
2328800,"Stone Lake","Vilas","CR","LAKE OR POND",46.1260127,-89.832469,55.7,13.1,3.7
2328900,"Fawn Lake","Vilas","CCC","LAKE OR POND",46.1342378,-89.8258569,28.3,4.3,2.1
2329000,"Clear Lake","Vilas","C2S","LAKE OR POND",46.1471617,-89.8117255,208.5,13.7,4.9
2329300,"Spider Lake","Vilas","C2S","LAKE OR POND",46.1210658,-89.8233023,112.6,13.1,6.1
2329400,"Manitowish Lake","Vilas","C2S","LAKE OR POND",46.1075029,-89.840947,200.7,18.6,7
2329600,"Alder Lake","Vilas","CCD","LAKE OR POND",46.0880994,-89.8195862,107,10.1,NA
2329800,"Wild Rice Lake","Vilas","CCD","LAKE OR POND",46.0652949,-89.7970778,155.4,7.9,3.4
2330800,"Upper Gresham Lake","Vilas","CCD","LAKE OR POND",46.0678261,-89.7370588,146.5,9.8,4
2331600,"Trout Lake","Vilas","C2S","LAKE OR POND",46.0413585,-89.6712654,1563.8,35.7,14.9
2332300,"Little John Lake","Vilas","CCD","LAKE OR POND",46.0145325,-89.6452656,61.1,5.8,NA
2332400,"Allequash Lake","Vilas","CCD","LAKE OR POND",46.0369394,-89.6288435,164.1,7.3,3
2334300,"Little Star Lake","Vilas","C2S","LAKE OR POND",46.1152882,-89.8614662,105.2,20.4,9.4
2334400,"Island Lake","Vilas","C2S","LAKE OR POND",46.1166718,-89.7920446,350.1,10.7,4
2334700,"Big Lake","Vilas","C2S","LAKE OR POND",46.1547397,-89.7696993,334.7,18.6,NA
2335300,"Sanford Lake","Vilas","CCC","LAKE OR POND",46.1828269,-89.6926439,37,12.8,NA
2336100,"Wolf Lake","Vilas","CCD","LAKE OR POND",46.1595627,-89.6643877,163.2,8.5,NA
2336800,"Wildcat Lake","Vilas","CCC","LAKE OR POND",46.1729139,-89.6169457,118.6,11.6,3.7
2338300,"Boulder Lake","Vilas","CCD","LAKE OR POND",46.1247282,-89.66135,208.7,7,3.7
2338800,"Big Crooked Lake","Vilas","CCC","LAKE OR POND",46.1405979,-89.6711188,269.2,10.4,NA
2339100,"White Sand Lake","Vilas","C2S","LAKE OR POND",46.0887167,-89.5941263,302.1,21.6,10.1
2339800,"Lost Canoe Lake","Vilas","CCC","LAKE OR POND",46.0757362,-89.5950397,113.1,12.5,NA
2339900,"Escanaba Lake","Vilas","CCC","LAKE OR POND",46.0641319,-89.5859715,122.6,7.9,4.3
2340500,"White Birch Lake","Vilas","CCC","LAKE OR POND",46.06343,-89.5228689,45.7,8.2,NA
2340700,"Ballard Lake","Vilas","CCC","LAKE OR POND",46.0608187,-89.4984978,203.4,7.6,NA
2340900,"Irving Lake","Vilas","CCD","LAKE OR POND",46.0613163,-89.4736738,169.4,2.4,NA
2343200,"Fishtrap Lake","Vilas","CCC","LAKE OR POND",46.1407777,-89.5818303,137.2,12.5,NA
2344000,"High Lake","Vilas","CCC","LAKE OR POND",46.1559022,-89.5486527,299.9,9.4,NA
2350200,"Island Lake","Rusk","CCD","LAKE OR POND",45.3195856,-91.384081,219.6,16.5,6.7
2350400,"McCann Lake","Rusk","CWC","LAKE OR POND",45.3048597,-91.4093097,51,11.6,4.3
2350500,"Chain Lake","Rusk","CCD","LAKE OR POND",45.2977112,-91.4299325,183.8,22.6,5.5
2350600,"Clear Lake","Rusk","CWC","LAKE OR POND",45.2978573,-91.4189725,38,22.6,8.8
2351400,"Long Lake","Chippewa","C2S","LAKE OR POND",45.2519897,-91.403812,378.7,30.8,6.1
2353600,"Sand Lake","Rusk","C2S","LAKE OR POND",45.2968834,-91.3581181,110,30.5,8.8
2355300,"Potato Lake","Rusk","CWD","LAKE OR POND",45.3232169,-91.4328149,218.7,12.2,3
2359700,"Amacoy Lake","Rusk","CWD","LAKE OR POND",45.398658,-91.3145902,114.3,6.1,4
2382300,"Barber Lake","Sawyer","CCD","LAKE OR POND",45.8865668,-90.9680778,55.8,6.4,2.7
2390800,"Lac Courte Oreilles","Sawyer","C2S","LAKE OR POND",45.895164,-91.4345634,2079.9,27.4,10.4
2391200,"Grindstone Lake","Sawyer","C2S","LAKE OR POND",45.9352882,-91.4153532,1285.4,18.3,9.1
2392000,"Whitefish Lake","Sawyer","C2S","LAKE OR POND",45.8628698,-91.4452839,323.6,32,13.7
2393200,"Sand Lake","Sawyer","CCD","LAKE OR POND",45.8522147,-91.4956505,384.2,15.2,6.4
2393500,"Sissabagama Lake","Sawyer","CCD","LAKE OR POND",45.7909001,-91.5179521,325.9,14.6,NA
2395100,"Squaw Lake","Sawyer","CCC","LAKE OR POND",45.9783465,-91.2991833,86.6,9.8,3.7
2395500,"Little Round Lake","Sawyer","CCC","LAKE OR POND",45.9847302,-91.3163789,72.5,11.6,3.7
2395600,"Round Lake","Sawyer","C2S","LAKE OR POND",46.0143841,-91.3175851,1333,22.6,10.1
2396800,"Durphee Lake","Sawyer","CCD","LAKE OR POND",45.904612,-91.4592108,80,4.9,3
2399700,"Lake Chippewa","Sawyer","CCD","LAKE OR POND",45.9337277,-91.1832147,5905.6,28,4.6
2406500,"Gordon Lake","Ashland","CCC","LAKE OR POND",46.1662845,-90.6175942,53.5,8.5,3.7
2417000,"Teal Lake","Sawyer","CCD","LAKE OR POND",46.0856668,-91.1042923,414.5,9.4,4.6
2418600,"Lost Land Lake","Sawyer","CCD","LAKE OR POND",46.1010588,-91.1461528,511.4,6.4,3.7
2420600,"Moose Lake","Sawyer","CCD","RESERVOIR OR FLOWAGE",46.0100604,-91.0361536,630.9,6.4,2.4
2423000,"Ghost Lake","Sawyer","CCD","RESERVOIR OR FLOWAGE",46.0917731,-91.0543411,155.4,3.7,1.5
2429300,"Lower Clam Lake","Sawyer","CCD","LAKE OR POND",46.1385947,-90.9421483,86.5,6.7,NA
2435000,"Tiger Cat Flowage","Sawyer","CCC","RESERVOIR OR FLOWAGE",46.0530975,-91.273717,409.5,9.1,1.5
2435700,"Spider Lake","Sawyer","CCC","LAKE OR POND",46.0973837,-91.2205548,483.3,19.5,4.3
2436400,"Burns Lake","Sawyer","CCC","RESERVOIR OR FLOWAGE",46.0261407,-91.2700929,16.6,2.7,1.5
2436500,"Lake Placid","Sawyer","CCC","LAKE OR POND",46.026224,-91.2813676,72.2,9.1,3.4
2451900,"Bass Lake","Washburn","CCC","LAKE OR POND",45.9469284,-91.6315196,75.8,10.7,NA
2452300,"Beartrack Lake","Washburn","CWC","LAKE OR POND",46.1255018,-92.0427647,24,11,3.4
2452400,"Beauregard Lake","Douglas","CCD","LAKE OR POND",46.3419373,-91.5897781,35.4,6.1,3.4
2461100,"Devils Lake","Burnett","CWC","LAKE OR POND",45.909279,-92.3377698,394.5,7.3,4.3
2469800,"Horseshoe Lake","Barron","CWD","LAKE OR POND",45.6261195,-92.0871082,45.9,5.8,3
2470000,"Horseshoe Lake","Washburn","CWC","LAKE OR POND",46.0865405,-91.9196629,71.8,6.4,2.1
2481600,"McLain Lake","Washburn","SIM","LAKE OR POND",46.0480562,-91.9490371,57.8,9.1,3.4
2485700,"North Pipe Lake","Polk","CCD","LAKE OR POND",45.5316419,-92.200067,26.1,11.3,NA
2490500,"Pipe Lake","Polk","CCC","LAKE OR POND",45.515054,-92.2093274,118.7,20.7,8.2
2491100,"Poquettes Lake","Burnett","SIM","LAKE OR POND",45.8096492,-92.0712786,38.7,7,3
2492100,"Red Lake","Douglas","CWC","LAKE OR POND",46.1793615,-91.7644799,102.6,11.3,3.4
2495100,"Sand Lake","Burnett","CWC","LAKE OR POND",45.9181793,-92.1732699,364.4,22.3,7.3
2496300,"Shell Lake","Washburn","CWC","LAKE OR POND",45.7339767,-91.8995949,1017.1,11,7
2496900,"Silver Lake","Washburn","SIM","LAKE OR POND",45.9900399,-91.8215695,76.3,8.5,3
2498600,"Spring Lake","Washburn","SIM","LAKE OR POND",45.9225299,-91.6834505,82.7,7.3,3.7
2615100,"Cedar Lake","St Croix","CWD","LAKE OR POND",45.2142506,-92.5719969,453.4,8.5,NA
2618000,"Wapogasset Lake","Polk","CWD","LAKE OR POND",45.3315793,-92.428792,481.1,9.8,5.2
2618100,"Bear Trap Lake","Polk","CWD","LAKE OR POND",45.3128041,-92.4102066,100.1,7.6,5.2
2620600,"Balsam Lake","Polk","CWD","LAKE OR POND",45.4653956,-92.4272995,769.5,11.3,NA
2621100,"Half Moon Lake","Polk","CWC","LAKE OR POND",45.4946068,-92.4205276,222.7,18.3,7.6
2624600,"Magnor Lake","Polk","CWD","LAKE OR POND",45.3227027,-92.2051068,92.8,7.9,3
2627400,"Big Round Lake","Polk","CWD","LAKE OR POND",45.524481,-92.3013354,410.2,5.2,3
2630700,"Scott Lake","Barron","CCD","LAKE OR POND",45.5186373,-92.1101414,30.9,7.9,2.7
2641000,"Big Butternut Lake","Polk","CWD","LAKE OR POND",45.5710719,-92.4594602,155.6,5.8,4
2654500,"Clam River Flowage","Burnett","C2S","RESERVOIR OR FLOWAGE",45.9273028,-92.5184107,166.7,8.8,3.4
2661100,"Sand Lake","Barron","CCC","LAKE OR POND",45.5904316,-92.1080444,128.7,17.4,8.5
2674100,"Long Lake","Burnett","CWC","LAKE OR POND",45.990729,-92.1302808,90,12.5,5.5
2675200,"Yellow Lake","Burnett","C2S","LAKE OR POND",45.9190532,-92.3985698,924.1,9.4,5.8
2676800,"Big Sand Lake","Burnett","CWC","LAKE OR POND",45.8245853,-92.2195097,580.3,16.8,2.7
2678100,"Lipsett Lake","Burnett","CWC","LAKE OR POND",45.8725354,-92.0492316,158.9,7.3,4
2691500,"Lake Nancy","Washburn","CWC","LAKE OR POND",46.0886795,-91.9848288,306.5,11.9,3.4
2692900,"Minong Flowage","Douglas","CCD","RESERVOIR OR FLOWAGE",46.1549563,-91.9257996,642.4,6.4,2.7
2693700,"Bond Lake","Douglas","CCC","LAKE OR POND",46.1834068,-91.8745175,112.8,20.4,9.1
2694000,"Whitefish Lake","Douglas","C2S","LAKE OR POND",46.2139,-91.87219,343.3,31.1,9.1
2695800,"Gilmore Lake","Washburn","C2S","LAKE OR POND",46.1226778,-91.8877887,150.3,11,4.9
2704200,"Nelson Lake","Sawyer","CCD","RESERVOIR OR FLOWAGE",46.0785284,-91.4729921,1099.1,10.1,3.4
2706500,"Middle McKenzie Lake","Burnett","C2S","LAKE OR POND",45.943157,-92.0409695,213.3,13.7,6.1
2706800,"McKenzie Lake","Washburn","CWC","LAKE OR POND",45.9182914,-92.0385448,456.9,21.6,5.8
2710800,"Matthews Lake","Washburn","CWC","LAKE OR POND",46.0234953,-91.9576286,108,7.9,3.7
2726100,"Smith Lake","Sawyer","CCD","LAKE OR POND",46.0615887,-91.4974062,131.7,8.8,4.6
2732600,"Namekagon Lake","Bayfield","CCD","LAKE OR POND",46.2215681,-91.1019295,1172.4,15.2,4.9
2734000,"Atkins Lake","Bayfield","C2S","LAKE OR POND",46.2781932,-91.0363945,68.6,24.4,8.8
2734200,"Jackson Lake","Bayfield","CCD","LAKE OR POND",46.249257,-91.1161401,60.5,4,2.4
2741600,"Lower Eau Claire Lake","Bayfield","C2S","LAKE OR POND",46.2732375,-91.5510748,317.4,12.5,6.7
2742100,"Middle Eau Claire Lake","Bayfield","C2S","LAKE OR POND",46.2955347,-91.5214057,356,20.1,5.2
2742500,"Bony Lake","Bayfield","C2S","LAKE OR POND",46.3175925,-91.5071869,77,16.8,7
2742700,"Upper Eau Claire Lake","Bayfield","C2S","LAKE OR POND",46.3095432,-91.4789403,414.6,28,8.8
2747300,"Upper Saint Croix Lake","Douglas","CCD","LAKE OR POND",46.3565504,-91.8038659,335.2,6.7,4
2756200,"Bladder Lake","Bayfield","CCC","LAKE OR POND",46.5964248,-91.3021381,34,10.7,4.9
2762200,"Forest Lake","Vilas","C2S","LAKE OR POND",46.1488999,-89.3762393,189.2,18.3,8.8
2767100,"Long Lake","Bayfield","CCC","LAKE OR POND",46.5818894,-91.3437371,113.2,7,3.7
2856400,"Lyman Lake","Douglas","CCC","LAKE OR POND",46.4566852,-91.9839662,149.9,4.6,2.1
2858100,"Amnicon Lake","Douglas","CCD","LAKE OR POND",46.4777493,-92.0610478,157.9,9.4,3
2858300,"Dowling Lake","Douglas","CCD","LAKE OR POND",46.4740498,-92.0448688,57.2,4,2.1
2865000,"Lake Nebagamon","Douglas","CCC","LAKE OR POND",46.5025284,-91.7012947,398.8,17.1,6.1
2866200,"Lake Minnesuing","Douglas","CCC","LAKE OR POND",46.4675845,-91.7448718,182.2,13.1,5.5
2882300,"Siskiwit Lake","Bayfield","CCD","LAKE OR POND",46.795254,-91.1332017,115.3,4,2.4
2897100,"Diamond Lake","Bayfield","C2S","LAKE OR POND",46.2626617,-91.1453086,130.5,25.3,10.1
2897300,"Crystal Lake","Bayfield","CCC","LAKE OR POND",46.2464163,-91.1453594,47.5,8.8,5.2
2899200,"Cisco Lake","Bayfield","C2S","LAKE OR POND",46.3628512,-91.2516359,39,32,8.8
2899400,"Drummond Lake","Bayfield","CCC","LAKE OR POND",46.3439246,-91.2611381,39.2,14.9,5.5
2900200,"Lake Owen","Bayfield","C2S","LAKE OR POND",46.282991,-91.2270949,505.8,29,8.2
2902700,"Pike Chain Of Lakes 13",NA,NA,"LAKE OR POND",46.4901,-91.34738,NA,NA,NA
2902800,"Flynn Lake","Bayfield","CR","LAKE OR POND",46.4917471,-91.349836,12,2.7,1.5
2902900,"Eagle Lake","Bayfield","CCC","LAKE OR POND",46.4987767,-91.3572018,66.1,15.8,4.3
2903100,"Twin Bear Lake","Bayfield","CCC","LAKE OR POND",46.5058346,-91.367292,63.6,18,7
2903200,"Hart Lake","Bayfield","CCC","LAKE OR POND",46.5185313,-91.3618926,104,16.5,7.6
2903700,"Lake Millicent","Bayfield","CCC","LAKE OR POND",46.5288068,-91.3677511,73.9,16.2,7.9
2903800,"Buskey Bay","Bayfield","CCC","LAKE OR POND",46.5278551,-91.3749379,35.7,15.5,4.6
2914800,"English Lake","Ashland","CCC","LAKE OR POND",46.3128645,-90.7682247,93.7,12.2,3.7
2916900,"Mineral Lake","Ashland","CCC","LAKE OR POND",46.2943071,-90.8284447,91.9,8.8,3.7
2917200,"Potter Lake","Ashland","CCC","LAKE OR POND",46.2976004,-90.8030558,11.8,3.4,2.4
2936200,"Spillerberg Lake","Ashland","CCC","LAKE OR POND",46.1976096,-90.6740432,30.3,7.3,2.7
2942300,"Gile Flowage","Iron","CCC","RESERVOIR OR FLOWAGE",46.395531,-90.230584,1269.7,7.6,NA
2949200,"Pine Lake","Iron","CCD","LAKE OR POND",46.2609875,-90.1393729,121.2,12.5,5.2
2953100,"Horsehead Lake","Vilas","CCD","LAKE OR POND",46.2332871,-89.7153674,101.2,7.3,4
2953500,"Crab Lake","Vilas","C2S","LAKE OR POND",46.1947249,-89.7194378,367.8,18.3,6.7
2953800,"Annabelle Lake","Vilas","CCD","LAKE OR POND",46.2159008,-89.6831654,78.7,9.1,3.7
2954500,"Lynx Lake","Vilas","CCC","LAKE OR POND",46.1992869,-89.6722164,124.3,14.6,5.5
2954800,"Oxbow Lake","Vilas","C2S","LAKE OR POND",46.2438989,-89.6791928,211.7,13.4,4.6
2958500,"Harris Lake","Vilas","CCC","LAKE OR POND",46.2606938,-89.8341121,216.1,17.4,7.3
2962400,"Tenderfoot Lake","Vilas","CCD","LAKE OR POND",46.2178071,-89.5293814,183.4,10.1,NA
2962900,"Palmer Lake","Vilas","CCD","LAKE OR POND",46.199668,-89.4996402,260.6,4,2.4
2963200,"Plum Lake","Vilas",NA,"LAKE OR POND",46.2213383,-89.5043507,91.1,NA,NA
2963800,"Big Lake","Vilas","CCD","LAKE OR POND",46.2001378,-89.4467206,315.8,9.1,4
2964000,"West Bay Lake","Vilas","CCD","LAKE OR POND",46.2041195,-89.426097,168.8,9.4,NA
2964100,"Mamie Lake","Vilas","CCD","LAKE OR POND",46.1903729,-89.3927809,136.3,4.6,3
